web-scraper-order,web-scraper-start-url,all_list,all_list-href,business name,business description,reviews rating,phone number,website,website-href,business_address,PAGINATION,PAGINATION-href
"1595466626-67","https://www.yellowpages.com/search?search_terms=Beauty+Salons&geo_location_terms=Houston%2C+TX","Trade Secret","https://www.yellowpages.com/houston-tx/mip/trade-secret-473072336","null","As the leading beauty distributor since 1992, they have national buying power that provides them with the opportunity to leverage relationships with the top professional hair care and beauty brands, and pass these savings on to the customer. They are committed to offering the lowest price on every item they sell, which means that you can shop with confidence.","null","(713) 984-1700","Visit Website","http://tradesecret.com/","900 Gessner Rd, Houston, TX 77024","3","https://www.yellowpages.com/search?search_terms=Beauty%20Salons&geo_location_terms=Houston%2C%20TX&page=3"
"1595466430-15","https://www.yellowpages.com/search?search_terms=Beauty+Salons&geo_location_terms=Houston%2C+TX","Eduardo's Hair Design","https://www.yellowpages.com/houston-tx/mip/eduardos-hair-design-3032354","null","null","null","(713) 641-1177","null","","12344 Gulf Fwy Ste D, Houston, TX 77034","5","https://www.yellowpages.com/search?search_terms=Beauty%20Salons&geo_location_terms=Houston%2C%20TX&page=5"
"1595466453-22","https://www.yellowpages.com/search?search_terms=Beauty+Salons&geo_location_terms=Houston%2C+TX","Rita Moncada Hair Designs","https://www.yellowpages.com/houston-tx/mip/rita-moncada-hair-designs-1646227","null","null","null","(281) 531-1386","null","","14520 Memorial Dr Ste 82, Houston, TX 77079","5","https://www.yellowpages.com/search?search_terms=Beauty%20Salons&geo_location_terms=Houston%2C%20TX&page=5"
"1595466424-13","https://www.yellowpages.com/search?search_terms=Beauty+Salons&geo_location_terms=Houston%2C+TX","The Loc Den","https://www.yellowpages.com/houston-tx/mip/the-loc-den-462639196","null","LOC/DREADSPalm rollInterlock/latchingRepair/reconstructionNo slippage No breakage Loc Extensions!!!!!!Crocheted Locs for Str8 Hair (not Interlocking)Styles & MoreStr8, kinky or curly this is the place for YOU!Natural Styles BraidsFreestylesCornrows w/DesignsInvisiblesMicrosSenegalesesFlatTwistBantu Knots Coil/comb Twist Two strand twist Two strand flat twist Deep ConditioningSteam treatmentsStudent Discounts!","(3 Reviews)","(832) 504-1189","Visit Website","http://www.thelocden.com/","10911 Bammel North Houston Rd, Houston, TX 77086","5","https://www.yellowpages.com/search?search_terms=Beauty%20Salons&geo_location_terms=Houston%2C%20TX&page=5"
"1595466382-6","https://www.yellowpages.com/search?search_terms=Beauty+Salons&geo_location_terms=Houston%2C+TX","Gilded Hair & Nails Salon","https://www.yellowpages.com/houston-tx/mip/gilded-hair-nails-salon-1397868","null","Enter the hair salon with a personal experience, our salon is small but big in regard of experience and expertise. We know exactly what we are doing and what we can do for each one of our customer. We will make each hair style or hair cut just as good as you can imagine. When you come here you'll feel at home and with our friendly staff, we strive in providing exceptional service in a clean, friendly and comfortable atmosphere for you. We will make each and every visit a great experience for you, we promise.","null","(713) 462-2117","null","","9613 Kempwood Dr, Houston, TX 77080","5","https://www.yellowpages.com/search?search_terms=Beauty%20Salons&geo_location_terms=Houston%2C%20TX&page=5"
"1595466516-35","https://www.yellowpages.com/search?search_terms=Beauty+Salons&geo_location_terms=Houston%2C+TX","Spoiled Studio Salon","https://www.yellowpages.com/houston-tx/mip/spoiled-studio-salon-1538218","null","null","null","(713) 688-8141","null","","7400 W Tidwell Rd, Houston, TX 77040","4","https://www.yellowpages.com/search?search_terms=Beauty%20Salons&geo_location_terms=Houston%2C%20TX&page=4"
"1595466768-112","https://www.yellowpages.com/search?search_terms=Beauty+Salons&geo_location_terms=Houston%2C+TX","Today's Hair Styles","https://www.yellowpages.com/houston-tx/mip/todays-hair-styles-15533846","null","null","(6 Reviews)","(281) 463-8474","Visit Website","http://www.todayshairstyles.net/","6128 Highway 6 N, Houston, TX 77084","2","https://www.yellowpages.com/search?search_terms=Beauty%20Salons&geo_location_terms=Houston%2C%20TX&page=2"
"1595466590-57","https://www.yellowpages.com/search?search_terms=Beauty+Salons&geo_location_terms=Houston%2C+TX","TGF Hair Salon","https://www.yellowpages.com/houston-tx/mip/tgf-hair-salon-16188688","null","TGF Hair Salon in Houston offers a full range of hair services for women and men including cuts, color, texturizing, styling and waxing-all at an affordable price. Our professional stylists will help you find a style that fits your lifestyle and looks great. Plus, shop for the shampoo, conditioner and styling products needed to keep it looking great. Stop by TGF Hair Salon at 2534 S Voss Rd at the South Voss Shopping Center today and be confident you'll get the look you want.","(1 Review)","(713) 781-7333","Visit Website","http://www.tgfhairsalons.com/","2534 S Voss Rd, Houston, TX 77057","4","https://www.yellowpages.com/search?search_terms=Beauty%20Salons&geo_location_terms=Houston%2C%20TX&page=4"
"1595466528-38","https://www.yellowpages.com/search?search_terms=Beauty+Salons&geo_location_terms=Houston%2C+TX","Burn's Salon","https://www.yellowpages.com/houston-tx/mip/burns-salon-472614488","null","null","null","(713) 491-7140","null","","8613 Mesa Dr, Houston, TX 77028","4","https://www.yellowpages.com/search?search_terms=Beauty%20Salons&geo_location_terms=Houston%2C%20TX&page=4"
"1595466694-88","https://www.yellowpages.com/search?search_terms=Beauty+Salons&geo_location_terms=Houston%2C+TX","Tori Castro Hair & Extensions","https://www.yellowpages.com/houston-tx/mip/tori-castro-hair-extensions-1035948","null","null","(3 Reviews)","(713) 869-2444","Visit Website","http://www.satorisalon.com/","2313 Edwards St, Houston, TX 77007","3","https://www.yellowpages.com/search?search_terms=Beauty%20Salons&geo_location_terms=Houston%2C%20TX&page=3"
"1595466745-103","https://www.yellowpages.com/search?search_terms=Beauty+Salons&geo_location_terms=Houston%2C+TX","Rachel's Hair Salon","https://www.yellowpages.com/houston-tx/mip/rachels-hair-salon-467737560","null","null","null","(281) 345-1151","Visit Website","https://www.fantasticsams.com/","15841 Fm 529 Rd, Houston, TX 77095","2","https://www.yellowpages.com/search?search_terms=Beauty%20Salons&geo_location_terms=Houston%2C%20TX&page=2"
"1595466365-3","https://www.yellowpages.com/search?search_terms=Beauty+Salons&geo_location_terms=Houston%2C+TX","Bae Tina","https://www.yellowpages.com/houston-tx/mip/bae-tina-1992027","null","null","null","(281) 556-1588","null","","14364 Memorial Dr, Houston, TX 77079","5","https://www.yellowpages.com/search?search_terms=Beauty%20Salons&geo_location_terms=Houston%2C%20TX&page=5"
"1595466434-16","https://www.yellowpages.com/search?search_terms=Beauty+Salons&geo_location_terms=Houston%2C+TX","Beauty Salon 2002","https://www.yellowpages.com/houston-tx/mip/beauty-salon-2002-11087125","null","null","(1 Review)","(713) 514-9933","null","","95 S Lockwood Dr, Houston, TX 77011","5","https://www.yellowpages.com/search?search_terms=Beauty%20Salons&geo_location_terms=Houston%2C%20TX&page=5"
"1595466584-55","https://www.yellowpages.com/search?search_terms=Beauty+Salons&geo_location_terms=Houston%2C+TX","Q Salon 2","https://www.yellowpages.com/houston-tx/mip/q-salon-2-472302589","null","null","(1 Review)","(281) 855-8580","null","","17817 Fm 529 Rd, Houston, TX 77095","4","https://www.yellowpages.com/search?search_terms=Beauty%20Salons&geo_location_terms=Houston%2C%20TX&page=4"
"1595466410-10","https://www.yellowpages.com/search?search_terms=Beauty+Salons&geo_location_terms=Houston%2C+TX","Hair Strand","https://www.yellowpages.com/houston-tx/mip/hair-strand-30269362","null","null","null","(713) 455-7884","null","","1404 Holland St, Houston, TX 77029","5","https://www.yellowpages.com/search?search_terms=Beauty%20Salons&geo_location_terms=Houston%2C%20TX&page=5"
"1595466611-62","https://www.yellowpages.com/search?search_terms=Beauty+Salons&geo_location_terms=Houston%2C+TX","All About Image The Salon","https://www.yellowpages.com/houston-tx/mip/all-about-image-the-salon-472872404","null","null","null","(855) 881-3373","null","","2189 Cypress Creek Pkwy Ste 212, Houston, TX 77090","3","https://www.yellowpages.com/search?search_terms=Beauty%20Salons&geo_location_terms=Houston%2C%20TX&page=3"
"1595466762-110","https://www.yellowpages.com/search?search_terms=Beauty+Salons&geo_location_terms=Houston%2C+TX","Classic Hair","https://www.yellowpages.com/houston-tx/mip/classic-hair-17388350","null","null","(5 Reviews)","(281) 376-8364","null","","21165 State Highway 249, Houston, TX 77070","2","https://www.yellowpages.com/search?search_terms=Beauty%20Salons&geo_location_terms=Houston%2C%20TX&page=2"
"1595466776-115","https://www.yellowpages.com/search?search_terms=Beauty+Salons&geo_location_terms=Houston%2C+TX","Beauty Express","https://www.yellowpages.com/houston-tx/mip/beauty-express-11964140","null","null","(14 Reviews)","(713) 270-9596","null","","8282 Bellaire Blvd Ste 146, Houston, TX 77036","2","https://www.yellowpages.com/search?search_terms=Beauty%20Salons&geo_location_terms=Houston%2C%20TX&page=2"
"1595466722-95","https://www.yellowpages.com/search?search_terms=Beauty+Salons&geo_location_terms=Houston%2C+TX","Ranis Beauty Salon","https://www.yellowpages.com/houston-tx/mip/ranis-beauty-salon-467079928","null","null","null","(713) 665-7264","Visit Website","http://ranisbeautysalon.com/","8130 Kirby Dr, Houston, TX 77054","2","https://www.yellowpages.com/search?search_terms=Beauty%20Salons&geo_location_terms=Houston%2C%20TX&page=2"
"1595466459-24","https://www.yellowpages.com/search?search_terms=Beauty+Salons&geo_location_terms=Houston%2C+TX","Style Masters Of Houston","https://www.yellowpages.com/houston-tx/mip/style-masters-of-houston-4837029","null","null","null","(713) 784-4003","null","","5353 W Alabama St Ste 101, Houston, TX 77056","5","https://www.yellowpages.com/search?search_terms=Beauty%20Salons&geo_location_terms=Houston%2C%20TX&page=5"
"1595466578-53","https://www.yellowpages.com/search?search_terms=Beauty+Salons&geo_location_terms=Houston%2C+TX","TGF Hair Salon","https://www.yellowpages.com/houston-tx/mip/tgf-hair-salon-474377987","null","TGF Hair Salon in Houston offers a full range of hair services for women and men including cuts, color, texturizing, styling and waxing--all at an affordable price. Our professional stylists will help you find a style that fits your lifestyle and looks great. Plus, shop for the shampoo, conditioner and styling products needed to keep it looking great. Stop by TGF Hair Salon at 111 Yale St at the Located Inside Walmart #5959 today and be confident you'll get the look you want.","null","(832) 618-1009","Visit Website","http://www.tgfhairsalons.com/","111 Yale St, Houston, TX 77007","4","https://www.yellowpages.com/search?search_terms=Beauty%20Salons&geo_location_terms=Houston%2C%20TX&page=4"
"1595466455-23","https://www.yellowpages.com/search?search_terms=Beauty+Salons&geo_location_terms=Houston%2C+TX","Hanna Salon","https://www.yellowpages.com/houston-tx/mip/hanna-salon-14020620","null","null","null","(713) 378-9377","null","","914 Edgebrook Dr, Houston, TX 77034","5","https://www.yellowpages.com/search?search_terms=Beauty%20Salons&geo_location_terms=Houston%2C%20TX&page=5"
"1595466478-28","https://www.yellowpages.com/search?search_terms=Beauty+Salons&geo_location_terms=Houston%2C+TX","Xenia's Hair Salon","https://www.yellowpages.com/houston-tx/mip/xenias-hair-salon-3265222","null","null","null","(281) 537-2040","Visit Website","http://www.xeniashairsalon.com/","3203 Cypress Creek Pkwy Ste 5, Houston, TX 77068","5","https://www.yellowpages.com/search?search_terms=Beauty%20Salons&geo_location_terms=Houston%2C%20TX&page=5"
"1595466444-19","https://www.yellowpages.com/search?search_terms=Beauty+Salons&geo_location_terms=Houston%2C+TX","Master Stylist Shannon Nicole Stylez of Houston","https://www.yellowpages.com/houston-tx/mip/master-stylist-shannon-nicole-stylez-of-houston-475263083","null","","(2 Reviews)","(832) 352-7625","null","","9420 Jensen Dr # 3, Houston, TX 77093","5","https://www.yellowpages.com/search?search_terms=Beauty%20Salons&geo_location_terms=Houston%2C%20TX&page=5"
"1595466718-94","https://www.yellowpages.com/search?search_terms=Beauty+Salons&geo_location_terms=Houston%2C+TX","Ep Natural Hair Care","https://www.yellowpages.com/houston-tx/mip/ep-natural-hair-care-22772029","null","null","null","(281) 272-7040","Visit Website","http://epnaturalhaircare.com/","10950 North Fwy, Houston, TX 77037","2","https://www.yellowpages.com/search?search_terms=Beauty%20Salons&geo_location_terms=Houston%2C%20TX&page=2"
"1595466361-2","https://www.yellowpages.com/search?search_terms=Beauty+Salons&geo_location_terms=Houston%2C+TX","Arte Salon","https://www.yellowpages.com/houston-tx/mip/arte-salon-1009103","null","null","null","(281) 893-3923","Visit Website","http://artesalon.com/","12002 Veterans Memorial Dr Ste E, Houston, TX 77067","5","https://www.yellowpages.com/search?search_terms=Beauty%20Salons&geo_location_terms=Houston%2C%20TX&page=5"
"1595466510-33","https://www.yellowpages.com/search?search_terms=Beauty+Salons&geo_location_terms=Houston%2C+TX","Beauty Switch Hair Salon","https://www.yellowpages.com/houston-tx/mip/beauty-switch-hair-salon-4297090","null","null","null","(281) 988-9120","null","","11652 Southwest Fwy, Houston, TX 77031","4","https://www.yellowpages.com/search?search_terms=Beauty%20Salons&geo_location_terms=Houston%2C%20TX&page=4"
"1595466733-99","https://www.yellowpages.com/search?search_terms=Beauty+Salons&geo_location_terms=Houston%2C+TX","Enhance The Beauty Natural  Hair Spa","https://www.yellowpages.com/houston-tx/mip/enhance-the-beauty-natural-hair-spa-464576054","null","As the owner of Enhance The Beauty Natural Hair Spa, my passion is to provide customer service that somehow have been dimenished and is no longer in most places we patronize. You will receive services in a clean, mature professional environment that you can be pleased with. I look forward in speaking with you soon to start or maintain YOUR natural hair journey!","null","(832) 294-7258","null","","1808 Wheeler St, Houston, TX 77004","2","https://www.yellowpages.com/search?search_terms=Beauty%20Salons&geo_location_terms=Houston%2C%20TX&page=2"
"1595466615-63","https://www.yellowpages.com/search?search_terms=Beauty+Salons&geo_location_terms=Houston%2C+TX","Helen's Hair & Nail Salon","https://www.yellowpages.com/houston-tx/mip/helens-hair-nail-salon-12509290","null","null","null","(281) 444-5387","Visit Website","http://helen-e.com/","14429 Bammel North Houston Rd, Houston, TX 77014","3","https://www.yellowpages.com/search?search_terms=Beauty%20Salons&geo_location_terms=Houston%2C%20TX&page=3"
"1595466679-84","https://www.yellowpages.com/search?search_terms=Beauty+Salons&geo_location_terms=Houston%2C+TX","Everlasting Beauty Salon","https://www.yellowpages.com/houston-tx/mip/everlasting-beauty-salon-2487131","null","null","(1 Review)","(281) 922-4450","null","","10820 Hughes Rd, Houston, TX 77089","3","https://www.yellowpages.com/search?search_terms=Beauty%20Salons&geo_location_terms=Houston%2C%20TX&page=3"
"1595466398-8","https://www.yellowpages.com/search?search_terms=Beauty+Salons&geo_location_terms=Houston%2C+TX","Estilo's Beauty Salon","https://www.yellowpages.com/houston-tx/mip/estilos-beauty-salon-453729423","null","null","null","(713) 271-3663","null","","9305 Fondren Rd, Houston, TX 77074","5","https://www.yellowpages.com/search?search_terms=Beauty%20Salons&geo_location_terms=Houston%2C%20TX&page=5"
"1595466450-21","https://www.yellowpages.com/search?search_terms=Beauty+Salons&geo_location_terms=Houston%2C+TX","Beauty Lounge","https://www.yellowpages.com/houston-tx/mip/beauty-lounge-455926578","null","null","null","(281) 209-0979","Visit Website","http://christonsalon07.weebly.com/","3500 N Terminal Rd, Houston, TX 77032","5","https://www.yellowpages.com/search?search_terms=Beauty%20Salons&geo_location_terms=Houston%2C%20TX&page=5"
"1595466635-70","https://www.yellowpages.com/search?search_terms=Beauty+Salons&geo_location_terms=Houston%2C+TX","Salon Studio Dean Mcneely","https://www.yellowpages.com/houston-tx/mip/salon-studio-dean-mcneely-457436725","null","null","(1 Review)","(713) 290-1175","Visit Website","http://www.salonstudiodean.com/","1822 W 43rd St, Houston, TX 77018","3","https://www.yellowpages.com/search?search_terms=Beauty%20Salons&geo_location_terms=Houston%2C%20TX&page=3"
"1595466546-43","https://www.yellowpages.com/search?search_terms=Beauty+Salons&geo_location_terms=Houston%2C+TX","Finesse Salon & Spa","https://www.yellowpages.com/houston-tx/mip/finesse-salon-spa-2883813","null","null","(1 Review)","(713) 461-5633","null","","12526 Memorial Dr, Houston, TX 77024","4","https://www.yellowpages.com/search?search_terms=Beauty%20Salons&geo_location_terms=Houston%2C%20TX&page=4"
"1595466739-101","https://www.yellowpages.com/search?search_terms=Beauty+Salons&geo_location_terms=Houston%2C+TX","About Hair","https://www.yellowpages.com/houston-tx/mip/about-hair-8239278","null","null","(6 Reviews)","(281) 463-3616","null","","15422 Fm 529 Rd, Houston, TX 77095","2","https://www.yellowpages.com/search?search_terms=Beauty%20Salons&geo_location_terms=Houston%2C%20TX&page=2"
"1595466581-54","https://www.yellowpages.com/search?search_terms=Beauty+Salons&geo_location_terms=Houston%2C+TX","Lola's Hair","https://www.yellowpages.com/houston-tx/mip/lolas-hair-472090794","null","null","(5 Reviews)","(713) 774-7672","Visit Website","http://www.lolashair.com/","8104 Southwest Fwy, Houston, TX 77074","4","https://www.yellowpages.com/search?search_terms=Beauty%20Salons&geo_location_terms=Houston%2C%20TX&page=4"
"1595466728-97","https://www.yellowpages.com/search?search_terms=Beauty+Salons&geo_location_terms=Houston%2C+TX","Mary's Hair Salon","https://www.yellowpages.com/houston-tx/mip/marys-hair-salon-1140779","null","null","null","(281) 370-8302","null","","10801 Spring Cypress Rd, Houston, TX 77070","2","https://www.yellowpages.com/search?search_terms=Beauty%20Salons&geo_location_terms=Houston%2C%20TX&page=2"
"1595466593-58","https://www.yellowpages.com/search?search_terms=Beauty+Salons&geo_location_terms=Houston%2C+TX","LL Hair Studio","https://www.yellowpages.com/houston-tx/mip/ll-hair-studio-1951982","null","null","(2 Reviews)","(281) 550-5302","Visit Website","http://www.llhairstudiosalon.com/","8475 Highway 6 N Ste F, Houston, TX 77095","4","https://www.yellowpages.com/search?search_terms=Beauty%20Salons&geo_location_terms=Houston%2C%20TX&page=4"
"1595466709-91","https://www.yellowpages.com/search?search_terms=Beauty+Salons&geo_location_terms=Houston%2C+TX","Courtyard Salon","https://www.yellowpages.com/houston-tx/mip/courtyard-salon-4403791","null","null","null","(281) 345-3900","Visit Website","http://courtyardsalonstexas.com/","8560 Highway 6 N, Houston, TX 77095","2","https://www.yellowpages.com/search?search_terms=Beauty%20Salons&geo_location_terms=Houston%2C%20TX&page=2"
"1595466690-87","https://www.yellowpages.com/search?search_terms=Beauty+Salons&geo_location_terms=Houston%2C+TX","Super Weave Xpress","https://www.yellowpages.com/houston-tx/mip/super-weave-xpress-472641792","null","null","(15 Reviews)","(832) 649-8288","Visit Website","http://www.superweavexpress.com/","3113 Fountain View Dr, Houston, TX 77057","3","https://www.yellowpages.com/search?search_terms=Beauty%20Salons&geo_location_terms=Houston%2C%20TX&page=3"
"1595466462-25","https://www.yellowpages.com/search?search_terms=Beauty+Salons&geo_location_terms=Houston%2C+TX","TGF Hair Salon","https://www.yellowpages.com/houston-tx/mip/tgf-hair-salon-2263523","null","null","(3 Reviews)","(281) 858-4900","Visit Website","http://www.tgfhairsalons.com/","4935 Highway 6 N, Houston, TX 77084","5","https://www.yellowpages.com/search?search_terms=Beauty%20Salons&geo_location_terms=Houston%2C%20TX&page=5"
"1595466750-105","https://www.yellowpages.com/search?search_terms=Beauty+Salons&geo_location_terms=Houston%2C+TX","Tina's Hair Studio","https://www.yellowpages.com/houston-tx/mip/tinas-hair-studio-14286033","null","null","(1 Review)","(281) 480-6564","null","","1080 Clear Lake City Blvd Ste A, Houston, TX 77062","2","https://www.yellowpages.com/search?search_terms=Beauty%20Salons&geo_location_terms=Houston%2C%20TX&page=2"
"1595466391-7","https://www.yellowpages.com/search?search_terms=Beauty+Salons&geo_location_terms=Houston%2C+TX","Anahi Hair Salon","https://www.yellowpages.com/houston-tx/mip/anahi-hair-salon-23200514","null","null","null","(713) 283-9996","null","","13407 Main St, Houston, TX 77035","5","https://www.yellowpages.com/search?search_terms=Beauty%20Salons&geo_location_terms=Houston%2C%20TX&page=5"
"1595466747-104","https://www.yellowpages.com/search?search_terms=Beauty+Salons&geo_location_terms=Houston%2C+TX","Salon Park","https://www.yellowpages.com/houston-tx/mip/salon-park-3835740","null","null","null","(713) 590-1200","Visit Website","http://www.salonpark.com/","5288 W 34th St, Houston, TX 77092","2","https://www.yellowpages.com/search?search_terms=Beauty%20Salons&geo_location_terms=Houston%2C%20TX&page=2"
"1595466533-39","https://www.yellowpages.com/search?search_terms=Beauty+Salons&geo_location_terms=Houston%2C+TX","Eshallence Hair Design","https://www.yellowpages.com/houston-tx/mip/eshallence-hair-design-460683090","null","null","null","(713) 645-9939","null","","4431 Griggs Rd, Houston, TX 77021","4","https://www.yellowpages.com/search?search_terms=Beauty%20Salons&geo_location_terms=Houston%2C%20TX&page=4"
"1595466676-83","https://www.yellowpages.com/search?search_terms=Beauty+Salons&geo_location_terms=Houston%2C+TX","Salon Social","https://www.yellowpages.com/houston-tx/mip/salon-social-467911908","null","null","null","(713) 932-0435","Visit Website","http://www.salon-social.com/","12355 Kingsride Ln, Houston, TX 77024","3","https://www.yellowpages.com/search?search_terms=Beauty%20Salons&geo_location_terms=Houston%2C%20TX&page=3"
"1595466487-30","https://www.yellowpages.com/search?search_terms=Beauty+Salons&geo_location_terms=Houston%2C+TX","Beauty Empire","https://www.yellowpages.com/houston-tx/mip/beauty-empire-2533800","null","null","null","(281) 874-0089","Visit Website","http://www.beautyempirestore.com/","15002 Ella Blvd Ste 36, Houston, TX 77090","5","https://www.yellowpages.com/search?search_terms=Beauty%20Salons&geo_location_terms=Houston%2C%20TX&page=5"
"1595466716-93","https://www.yellowpages.com/search?search_terms=Beauty+Salons&geo_location_terms=Houston%2C+TX","Hair & Now","https://www.yellowpages.com/houston-tx/mip/hair-now-470259194","null","null","null","(281) 469-9575","null","","9639 Cypress Creek Pkwy, Houston, TX 77070","2","https://www.yellowpages.com/search?search_terms=Beauty%20Salons&geo_location_terms=Houston%2C%20TX&page=2"
"1595466474-27","https://www.yellowpages.com/search?search_terms=Beauty+Salons&geo_location_terms=Houston%2C+TX","Salon Boutique","https://www.yellowpages.com/houston-tx/mip/salon-boutique-457395925","null","null","null","(281) 457-4455","null","","16211 Clay Rd, Houston, TX 77084","5","https://www.yellowpages.com/search?search_terms=Beauty%20Salons&geo_location_terms=Houston%2C%20TX&page=5"
"1595466519-36","https://www.yellowpages.com/search?search_terms=Beauty+Salons&geo_location_terms=Houston%2C+TX","Dpelos","https://www.yellowpages.com/houston-tx/mip/dpelos-13111887","null","null","null","(281) 219-2332","null","","4740 Aldine Mail Route Rd Ste B, Houston, TX 77039","4","https://www.yellowpages.com/search?search_terms=Beauty%20Salons&geo_location_terms=Houston%2C%20TX&page=4"
"1595466539-41","https://www.yellowpages.com/search?search_terms=Beauty+Salons&geo_location_terms=Houston%2C+TX","Salon Oasis","https://www.yellowpages.com/houston-tx/mip/salon-oasis-476084211","null","null","(1 Review)","(281) 558-4247","null","","1000 W Oaks Mall Ste 238, Houston, TX 77082","4","https://www.yellowpages.com/search?search_terms=Beauty%20Salons&geo_location_terms=Houston%2C%20TX&page=4"
"1595466755-107","https://www.yellowpages.com/search?search_terms=Beauty+Salons&geo_location_terms=Houston%2C+TX","E Styles Hair","https://www.yellowpages.com/houston-tx/mip/e-styles-hair-461523807","null","Come into E Styles Hair Salon and experience a totally relaxing, private, and professional environment. As as licensed professional, I have an established clientele with over 20 years of experience in hair care and quality work, including High Frequency. Please call me today for a FREE consultation or to ask any questions you might have!","(1 Review)","(713) 885-8719","Visit Website","http://www.estyleshair.com/","1430 Cypress Creek Pkwy, Houston, TX 77090","2","https://www.yellowpages.com/search?search_terms=Beauty%20Salons&geo_location_terms=Houston%2C%20TX&page=2"
"1595466742-102","https://www.yellowpages.com/search?search_terms=Beauty+Salons&geo_location_terms=Houston%2C+TX","Versatile Beauty Center & Salon","https://www.yellowpages.com/houston-tx/mip/versatile-beauty-center-salon-2705006","null","null","(17 Reviews)","(713) 840-9955","null","","5175 Westheimer Rd, Houston, TX 77056","2","https://www.yellowpages.com/search?search_terms=Beauty%20Salons&geo_location_terms=Houston%2C%20TX&page=2"
"1595466542-42","https://www.yellowpages.com/search?search_terms=Beauty+Salons&geo_location_terms=Houston%2C+TX","Beauty By Bruce","https://www.yellowpages.com/houston-tx/mip/beauty-by-bruce-7849711","null","null","(1 Review)","(281) 859-6689","null","","4600 Highway 6 N Ste 265, Houston, TX 77084","4","https://www.yellowpages.com/search?search_terms=Beauty%20Salons&geo_location_terms=Houston%2C%20TX&page=4"
"1595466355-1","https://www.yellowpages.com/search?search_terms=Beauty+Salons&geo_location_terms=Houston%2C+TX","Kelley's Beauty Salon","https://www.yellowpages.com/houston-tx/mip/kelleys-beauty-salon-469675615","null","null","null","(281) 440-5002","null","","13821 Breck St, Houston, TX 77066","5","https://www.yellowpages.com/search?search_terms=Beauty%20Salons&geo_location_terms=Houston%2C%20TX&page=5"
"1595466549-44","https://www.yellowpages.com/search?search_terms=Beauty+Salons&geo_location_terms=Houston%2C+TX","The Queens Palace Salon","https://www.yellowpages.com/houston-tx/mip/the-queens-palace-salon-462043551","null","null","null","(281) 213-2628","null","","2611 Cypress Creek Pkwy, Houston, TX 77068","4","https://www.yellowpages.com/search?search_terms=Beauty%20Salons&geo_location_terms=Houston%2C%20TX&page=4"
"1595466731-98","https://www.yellowpages.com/search?search_terms=Beauty+Salons&geo_location_terms=Houston%2C+TX","TGF Hair Salon","https://www.yellowpages.com/houston-tx/mip/tgf-hair-salon-471106672","null","TGF Hair Salon in Houston offers a full range of hair services for women and men including cuts, color, texturizing, styling and waxing-all at an affordable price. Our professional stylists will help you find a style that fits your lifestyle and looks great. Plus, shop for the shampoo, conditioner and styling products needed to keep it looking great. Stop by TGF Hair Salon at 5805 E Sam Houston Pkwy Ste C at the New Forest Crossing Shop Ctr today and be confident you'll get the look you want.","null","(281) 458-4100","Visit Website","http://www.tgfhairsalons.com/","5805 E Sam Houston Pkwy N Ste C, Houston, TX 77049","2","https://www.yellowpages.com/search?search_terms=Beauty%20Salons&geo_location_terms=Houston%2C%20TX&page=2"
"1595466752-106","https://www.yellowpages.com/search?search_terms=Beauty+Salons&geo_location_terms=Houston%2C+TX","Lord & Ladies Hair Designing","https://www.yellowpages.com/houston-tx/mip/lord-ladies-hair-designing-4665946","null","null","(1 Review)","(713) 666-2091","null","","8805 Stella Link Rd, Houston, TX 77025","2","https://www.yellowpages.com/search?search_terms=Beauty%20Salons&geo_location_terms=Houston%2C%20TX&page=2"
"1595466568-49","https://www.yellowpages.com/search?search_terms=Beauty+Salons&geo_location_terms=Houston%2C+TX","Ovations Hair Studios & Spa","https://www.yellowpages.com/houston-tx/mip/ovations-hair-studios-spa-2641490","null","null","null","(713) 533-0008","null","","2410 Quenby St, Houston, TX 77005","4","https://www.yellowpages.com/search?search_terms=Beauty%20Salons&geo_location_terms=Houston%2C%20TX&page=4"
"1595466502-31","https://www.yellowpages.com/search?search_terms=Beauty+Salons&geo_location_terms=Houston%2C+TX","Beauty Elite Group","https://www.yellowpages.com/houston-tx/mip/beauty-elite-group-464807653","null","null","null","(281) 872-8030","Visit Website","http://beautyelitegroup.com/","20411 Imperial Valley Dr, Houston, TX 77073","4","https://www.yellowpages.com/search?search_terms=Beauty%20Salons&geo_location_terms=Houston%2C%20TX&page=4"
"1595466427-14","https://www.yellowpages.com/search?search_terms=Beauty+Salons&geo_location_terms=Houston%2C+TX","Amy Ngan Beauty & Design","https://www.yellowpages.com/houston-tx/mip/amy-ngan-beauty-design-2616160","null","null","(1 Review)","(281) 498-7183","null","","11360 Bellaire Blvd Ste 270, Houston, TX 77072","5","https://www.yellowpages.com/search?search_terms=Beauty%20Salons&geo_location_terms=Houston%2C%20TX&page=5"
"1595466682-85","https://www.yellowpages.com/search?search_terms=Beauty+Salons&geo_location_terms=Houston%2C+TX","Studio 31 Hair Lab","https://www.yellowpages.com/houston-tx/mip/studio-31-hair-lab-3133104","null","null","(1 Review)","(713) 533-9990","Visit Website","http://www.studio31hairlab.com/","2600 Travis St Ste 205, Houston, TX 77006","3","https://www.yellowpages.com/search?search_terms=Beauty%20Salons&geo_location_terms=Houston%2C%20TX&page=3"
"1595466597-59","https://www.yellowpages.com/search?search_terms=Beauty+Salons&geo_location_terms=Houston%2C+TX","Venus Hair","https://www.yellowpages.com/houston-tx/mip/venus-hair-12988059","null","null","(149 Reviews)","(713) 868-4725","Visit Website","http://www.venushairhouston.com/","361 W 19th St, Houston, TX 77008","4","https://www.yellowpages.com/search?search_terms=Beauty%20Salons&geo_location_terms=Houston%2C%20TX&page=4"
"1595466665-79","https://www.yellowpages.com/search?search_terms=Beauty+Salons&geo_location_terms=Houston%2C+TX","Hair Sensation","https://www.yellowpages.com/houston-tx/mip/hair-sensation-9120206","null","null","null","(713) 467-0084","null","","8705 Katy Fwy # 106, Houston, TX 77024","3","https://www.yellowpages.com/search?search_terms=Beauty%20Salons&geo_location_terms=Houston%2C%20TX&page=3"
"1595466712-92","https://www.yellowpages.com/search?search_terms=Beauty+Salons&geo_location_terms=Houston%2C+TX","A Christian Hairstylist","https://www.yellowpages.com/houston-tx/mip/a-christian-hairstylist-468620762","null","null","null","(832) 885-6441","null","","13308 Fm 1960 Rd W, Houston, TX 77065","2","https://www.yellowpages.com/search?search_terms=Beauty%20Salons&geo_location_terms=Houston%2C%20TX&page=2"
"1595466565-48","https://www.yellowpages.com/search?search_terms=Beauty+Salons&geo_location_terms=Houston%2C+TX","Monica Seymour Hair Design","https://www.yellowpages.com/houston-tx/mip/monica-seymour-hair-design-22476450","null","null","null","(713) 523-6682","null","","2470 Times Blvd, Houston, TX 77005","4","https://www.yellowpages.com/search?search_terms=Beauty%20Salons&geo_location_terms=Houston%2C%20TX&page=4"
"1595466438-17","https://www.yellowpages.com/search?search_terms=Beauty+Salons&geo_location_terms=Houston%2C+TX","Simply Hair Elegance","https://www.yellowpages.com/houston-tx/mip/simply-hair-elegance-470974161","null","Simply Hair Elegance features two of Houston's most unique and talented master hair technicians.  Between Gwen Mitchell of Shearnique Hair Studio and Katherine Sanders of Simply Hair Elegance aka Katherine's Kreations:  these ladies have over 40 years experience in the hair care industry.  Now, back under one roof at Simply Hair Elegance, 7457 Harwin Drive, Suite 131, Houston, TX 77036.  Looking forward to servicing Houston, Texas and beyond!","(1 Review)","(713) 702-1692","null","","7457 Harwin Dr Ste 318, Houston, TX 77036","5","https://www.yellowpages.com/search?search_terms=Beauty%20Salons&geo_location_terms=Houston%2C%20TX&page=5"
"1595466466-26","https://www.yellowpages.com/search?search_terms=Beauty+Salons&geo_location_terms=Houston%2C+TX","Great Hair Plus","https://www.yellowpages.com/houston-tx/mip/great-hair-plus-1312801","null","null","(1 Review)","(281) 477-0088","Visit Website","http://www.greatclips.com/","19742 State Highway 249, Houston, TX 77070","5","https://www.yellowpages.com/search?search_terms=Beauty%20Salons&geo_location_terms=Houston%2C%20TX&page=5"
"1595466654-75","https://www.yellowpages.com/search?search_terms=Beauty+Salons&geo_location_terms=Houston%2C+TX","Exclusive 4 Salon Studios","https://www.yellowpages.com/houston-tx/mip/exclusive-4-salon-studios-465186413","null","null","null","(281) 257-3301","null","","21638 State Highway 249 Ste F, Houston, TX 77070","3","https://www.yellowpages.com/search?search_terms=Beauty%20Salons&geo_location_terms=Houston%2C%20TX&page=3"
"1595466555-46","https://www.yellowpages.com/search?search_terms=Beauty+Salons&geo_location_terms=Houston%2C+TX","Assure image hair and nail salon","https://www.yellowpages.com/houston-tx/mip/assure-image-hair-and-nail-salon-471139624","null","null","null","(713) 777-4455","null","","5300 N Braeswood Blvd Ste 80, Houston, TX 77096","4","https://www.yellowpages.com/search?search_terms=Beauty%20Salons&geo_location_terms=Houston%2C%20TX&page=4"
"1595466702-90","https://www.yellowpages.com/search?search_terms=Beauty+Salons&geo_location_terms=Houston%2C+TX","Visage Salon & Day Spa","https://www.yellowpages.com/houston-tx/mip/visage-salon-day-spa-473033217","null","null","(7 Reviews)","(281) 379-1772","Visit Website","http://www.visage-salon-spa.com/","11910 Louetta Rd Ste A, Houston, TX 77070","3","https://www.yellowpages.com/search?search_terms=Beauty%20Salons&geo_location_terms=Houston%2C%20TX&page=3"
"1595466416-11","https://www.yellowpages.com/search?search_terms=Beauty+Salons&geo_location_terms=Houston%2C+TX","Beauty Salon Nails by Lupita II","https://www.yellowpages.com/houston-tx/mip/beauty-salon-nails-by-lupita-ii-478310527","null","null","null","(713) 928-6988","null","","5705 Gulf Fwy, Houston, TX 77023","5","https://www.yellowpages.com/search?search_terms=Beauty%20Salons&geo_location_terms=Houston%2C%20TX&page=5"
"1595466784-118","https://www.yellowpages.com/search?search_terms=Beauty+Salons&geo_location_terms=Houston%2C+TX","Houston Lashology...an eyelash extension studio","https://www.yellowpages.com/houston-tx/mip/houston-lashology-an-eyelash-extension-studio-473563112","null","","null","(281) 679-7050","Visit Website","http://www.houstonlashology.com/","1111 Eldridge Pkwy Ste 400, Houston, TX 77077","2","https://www.yellowpages.com/search?search_terms=Beauty%20Salons&geo_location_terms=Houston%2C%20TX&page=2"
"1595466698-89","https://www.yellowpages.com/search?search_terms=Beauty+Salons&geo_location_terms=Houston%2C+TX","Summerwood Salon","https://www.yellowpages.com/houston-tx/mip/summerwood-salon-473068639","null","null","(4 Reviews)","(281) 225-4218","null","","13157 W Lake Houston Pkwy, Houston, TX 77044","3","https://www.yellowpages.com/search?search_terms=Beauty%20Salons&geo_location_terms=Houston%2C%20TX&page=3"
"1595466420-12","https://www.yellowpages.com/search?search_terms=Beauty+Salons&geo_location_terms=Houston%2C+TX","Flower Child's Studio Salon","https://www.yellowpages.com/houston-tx/mip/flower-childs-studio-salon-461918314","null","null","null","(713) 726-1650","Visit Website","http://www.flower-childs.com/","14460 Hillcroft St, Houston, TX 77085","5","https://www.yellowpages.com/search?search_terms=Beauty%20Salons&geo_location_terms=Houston%2C%20TX&page=5"
"1595466513-34","https://www.yellowpages.com/search?search_terms=Beauty+Salons&geo_location_terms=Houston%2C+TX","Mary's Hair Salon","https://www.yellowpages.com/houston-tx/mip/marys-hair-salon-458541927","null","null","null","(713) 777-7773","null","","8803 Brae Acres Rd, Houston, TX 77074","4","https://www.yellowpages.com/search?search_terms=Beauty%20Salons&geo_location_terms=Houston%2C%20TX&page=4"
"1595466725-96","https://www.yellowpages.com/search?search_terms=Beauty+Salons&geo_location_terms=Houston%2C+TX","Michael Saldana Salon Midtown","https://www.yellowpages.com/houston-tx/mip/michael-saldana-salon-midtown-473155976","null","null","null","(713) 528-3699","Visit Website","https://www.michaelsaldanasalon.com/","1319 W Webster St, Houston, TX 77019","2","https://www.yellowpages.com/search?search_terms=Beauty%20Salons&geo_location_terms=Houston%2C%20TX&page=2"
"1595466447-20","https://www.yellowpages.com/search?search_terms=Beauty+Salons&geo_location_terms=Houston%2C+TX","The Q Salon","https://www.yellowpages.com/houston-tx/mip/the-q-salon-3052556","null","null","(7 Reviews)","(713) 785-6633","null","","7537 Westheimer Rd, Houston, TX 77063","5","https://www.yellowpages.com/search?search_terms=Beauty%20Salons&geo_location_terms=Houston%2C%20TX&page=5"
"1595466571-50","https://www.yellowpages.com/search?search_terms=Beauty+Salons&geo_location_terms=Houston%2C+TX","White Oak Plaza Beauty Salon","https://www.yellowpages.com/houston-tx/mip/white-oak-plaza-beauty-salon-954326","null","null","null","(713) 864-8138","null","","600 Heights Blvd, Houston, TX 77007","4","https://www.yellowpages.com/search?search_terms=Beauty%20Salons&geo_location_terms=Houston%2C%20TX&page=4"
"1595466684-86","https://www.yellowpages.com/search?search_terms=Beauty+Salons&geo_location_terms=Houston%2C+TX","Shear Passion","https://www.yellowpages.com/houston-tx/mip/shear-passion-465244990","null","null","(1 Review)","(832) 447-4327","Visit Website","http://www.shearpassion.vpweb.com/","10950 North Fwy Suite 301, Houston, TX 77037","3","https://www.yellowpages.com/search?search_terms=Beauty%20Salons&geo_location_terms=Houston%2C%20TX&page=3"
"1595466441-18","https://www.yellowpages.com/search?search_terms=Beauty+Salons&geo_location_terms=Houston%2C+TX","Trade Secret","https://www.yellowpages.com/houston-tx/mip/trade-secret-1086310","null","null","(2 Reviews)","(713) 626-2277","Visit Website","http://tradesecret.com/","5135 W Alabama St, Houston, TX 77056","5","https://www.yellowpages.com/search?search_terms=Beauty%20Salons&geo_location_terms=Houston%2C%20TX&page=5"
"1595466642-71","https://www.yellowpages.com/search?search_terms=Beauty+Salons&geo_location_terms=Houston%2C+TX","Damsels And Blokes","https://www.yellowpages.com/houston-tx/mip/damsels-and-blokes-22675387","null","null","(4 Reviews)","(832) 559-7504","Visit Website","http://www.damselsandblokes.com/","22448 State Highway 249, Houston, TX 77070","3","https://www.yellowpages.com/search?search_terms=Beauty%20Salons&geo_location_terms=Houston%2C%20TX&page=3"
"1595466657-76","https://www.yellowpages.com/search?search_terms=Beauty+Salons&geo_location_terms=Houston%2C+TX","Studio 58 Hair & Spa","https://www.yellowpages.com/houston-tx/mip/studio-58-hair-spa-471854171","null","null","null","(281) 320-8881","Visit Website","http://studio58dayspa.com/","15006 Rose Valley Dr, Houston, TX 77070","3","https://www.yellowpages.com/search?search_terms=Beauty%20Salons&geo_location_terms=Houston%2C%20TX&page=3"
"1595466552-45","https://www.yellowpages.com/search?search_terms=Beauty+Salons&geo_location_terms=Houston%2C+TX","Creative Art","https://www.yellowpages.com/houston-tx/mip/creative-art-7788126","null","null","null","(713) 973-0630","Visit Website","http://www.creativeblinds.com/index.php","11317 Katy Fwy, Houston, TX 77079","4","https://www.yellowpages.com/search?search_terms=Beauty%20Salons&geo_location_terms=Houston%2C%20TX&page=4"
"1595466369-4","https://www.yellowpages.com/search?search_terms=Beauty+Salons&geo_location_terms=Houston%2C+TX","Beauty Elite Group","https://www.yellowpages.com/houston-tx/mip/beauty-elite-group-469651654","null","null","null","(281) 872-8030","null","","835 Greens Pkwy Ste 200, Houston, TX 77067","5","https://www.yellowpages.com/search?search_terms=Beauty%20Salons&geo_location_terms=Houston%2C%20TX&page=5"
"1595466779-116","https://www.yellowpages.com/search?search_terms=Beauty+Salons&geo_location_terms=Houston%2C+TX","Beautique Day Spa & Salon","https://www.yellowpages.com/houston-tx/mip/beautique-day-spa-salon-708321","null","null","(1 Review)","(713) 464-2953","Visit Website","http://www.beautique.cc/","701 Town And Country Blvd Ste 1900, Houston, TX 77024","2","https://www.yellowpages.com/search?search_terms=Beauty%20Salons&geo_location_terms=Houston%2C%20TX&page=2"
"1595466600-60","https://www.yellowpages.com/search?search_terms=Beauty+Salons&geo_location_terms=Houston%2C+TX","The Ambiance Salon","https://www.yellowpages.com/houston-tx/mip/the-ambiance-salon-8163667","null","null","null","(281) 583-8900","null","","17101 Kuykendahl Rd, Houston, TX 77068","4","https://www.yellowpages.com/search?search_terms=Beauty%20Salons&geo_location_terms=Houston%2C%20TX&page=4"
"1595466648-73","https://www.yellowpages.com/search?search_terms=Beauty+Salons&geo_location_terms=Houston%2C+TX","Le Blanc Salon & Spa","https://www.yellowpages.com/houston-tx/mip/le-blanc-salon-spa-479854138","null","Enjoy a full range of spa services at LeBlanc Salon & Spa. Let our experienced technicians pamper you in luxury and comfort.","(1 Review)","(832) 830-8334","Visit Website","http://www.leblancsalon.com/","4822 Washington Ave, Houston, TX 77007","3","https://www.yellowpages.com/search?search_terms=Beauty%20Salons&geo_location_terms=Houston%2C%20TX&page=3"
"1595466670-81","https://www.yellowpages.com/search?search_terms=Beauty+Salons&geo_location_terms=Houston%2C+TX","TheIntlStrandHaven.com","https://www.yellowpages.com/houston-tx/mip/theintlstrandhaven-com-472504352","null","null","null","(832) 340-8042","null","","2656 S Loop W, Houston, TX 77054","3","https://www.yellowpages.com/search?search_terms=Beauty%20Salons&geo_location_terms=Houston%2C%20TX&page=3"
"1595466617-64","https://www.yellowpages.com/search?search_terms=Beauty+Salons&geo_location_terms=Houston%2C+TX","Hair by Angel","https://www.yellowpages.com/houston-tx/mip/hair-by-angel-17502560","null","null","null","(281) 484-9926","null","","12035 Beamer Rd, Houston, TX 77089","3","https://www.yellowpages.com/search?search_terms=Beauty%20Salons&geo_location_terms=Houston%2C%20TX&page=3"
"1595466507-32","https://www.yellowpages.com/search?search_terms=Beauty+Salons&geo_location_terms=Houston%2C+TX","Edith's Beauty Salon","https://www.yellowpages.com/houston-tx/mip/ediths-beauty-salon-7405826","null","null","null","(281) 919-1341","null","","12035 Bammel North Houston Rd, Houston, TX 77066","4","https://www.yellowpages.com/search?search_terms=Beauty%20Salons&geo_location_terms=Houston%2C%20TX&page=4"
"1595466562-47","https://www.yellowpages.com/search?search_terms=Beauty+Salons&geo_location_terms=Houston%2C+TX","La Lumière Beauty Salon","https://www.yellowpages.com/houston-tx/mip/la-lumire-beauty-salon-8418678","null","null","null","(713) 692-2875","null","","3712 Alba Rd, Houston, TX 77018","4","https://www.yellowpages.com/search?search_terms=Beauty%20Salons&geo_location_terms=Houston%2C%20TX&page=4"
"1595466620-65","https://www.yellowpages.com/search?search_terms=Beauty+Salons&geo_location_terms=Houston%2C+TX","Hair Today Beauty Salons","https://www.yellowpages.com/houston-tx/mip/hair-today-beauty-salons-879531","null","null","null","(713) 780-1226","Visit Website","http://www.hair-today.com/","10628 Westheimer Rd, Houston, TX 77042","3","https://www.yellowpages.com/search?search_terms=Beauty%20Salons&geo_location_terms=Houston%2C%20TX&page=3"
"1595466662-78","https://www.yellowpages.com/search?search_terms=Beauty+Salons&geo_location_terms=Houston%2C+TX","Distinctive Looks Salon","https://www.yellowpages.com/houston-tx/mip/distinctive-looks-salon-16380989","null","null","null","(281) 866-0310","null","","12806 Willow Centre Dr Ste B, Houston, TX 77066","3","https://www.yellowpages.com/search?search_terms=Beauty%20Salons&geo_location_terms=Houston%2C%20TX&page=3"
"1595466765-111","https://www.yellowpages.com/search?search_terms=Beauty+Salons&geo_location_terms=Houston%2C+TX","Anisa Beauty Parlor","https://www.yellowpages.com/houston-tx/mip/anisa-beauty-parlor-1340046","null","null","(9 Reviews)","(713) 774-7575","Visit Website","http://www.anisabeautyparlor.com/","6121 Hillcroft St Ste D, Houston, TX 77081","2","https://www.yellowpages.com/search?search_terms=Beauty%20Salons&geo_location_terms=Houston%2C%20TX&page=2"
"1595466773-114","https://www.yellowpages.com/search?search_terms=Beauty+Salons&geo_location_terms=Houston%2C+TX","Atrium Salon & Day Spa","https://www.yellowpages.com/houston-tx/mip/atrium-salon-day-spa-452198175","null","null","(9 Reviews)","(281) 897-9518","Visit Website","http://www.atriumspa.com/","9516 Jones Rd Ste H, Houston, TX 77065","2","https://www.yellowpages.com/search?search_terms=Beauty%20Salons&geo_location_terms=Houston%2C%20TX&page=2"
"1595466573-51","https://www.yellowpages.com/search?search_terms=Beauty+Salons&geo_location_terms=Houston%2C+TX","Hair Desire Salon","https://www.yellowpages.com/houston-tx/mip/hair-desire-salon-697266","null","null","null","(713) 861-0162","Visit Website","http://hairdesiresalon.com/","920 Studemont St Ste 600, Houston, TX 77007","4","https://www.yellowpages.com/search?search_terms=Beauty%20Salons&geo_location_terms=Houston%2C%20TX&page=4"
"1595466673-82","https://www.yellowpages.com/search?search_terms=Beauty+Salons&geo_location_terms=Houston%2C+TX","Bella Hair Studio","https://www.yellowpages.com/houston-tx/mip/bella-hair-studio-11537030","null","null","null","(713) 941-9407","null","","403 Edgebrook Dr, Houston, TX 77034","3","https://www.yellowpages.com/search?search_terms=Beauty%20Salons&geo_location_terms=Houston%2C%20TX&page=3"
"1595466623-66","https://www.yellowpages.com/search?search_terms=Beauty+Salons&geo_location_terms=Houston%2C+TX","De Cache Beauty Salon","https://www.yellowpages.com/houston-tx/mip/de-cache-beauty-salon-465329926","null","null","null","(713) 451-1590","null","","172 Uvalde Rd, Houston, TX 77015","3","https://www.yellowpages.com/search?search_terms=Beauty%20Salons&geo_location_terms=Houston%2C%20TX&page=3"
"1595466789-120","https://www.yellowpages.com/search?search_terms=Beauty+Salons&geo_location_terms=Houston%2C+TX","Healthy Hair Houston","https://www.yellowpages.com/houston-tx/mip/healthy-hair-houston-465423002","null","I have specialized in healthy hair care for over 13 years.At Healthy hair houston I realize that every client is diferent so through out the years i have continued in education.the study of the scalp and various disorders, .","(1 Review)","(281) 608-2374","Visit Website","http://www.healthyhairhouston.com/","15626 Silver Ridge Dr Ste 113, Houston, TX 77090","2","https://www.yellowpages.com/search?search_terms=Beauty%20Salons&geo_location_terms=Houston%2C%20TX&page=2"
"1595466631-69","https://www.yellowpages.com/search?search_terms=Beauty+Salons&geo_location_terms=Houston%2C+TX","Flair Salon of Beauty","https://www.yellowpages.com/houston-tx/mip/flair-salon-of-beauty-6006482","null","At Houston's Flair Salon of Beauty, you can take care of all of your beauty services at once, including hair care, nail care, and waxing. Every face has a different hairstyle that suits it best. Allow this salon's stylists to pinpoint the right one for you. Flair Salon of Beauty is a salon fully equipped to handle all of your beauty needs. Give them a call today.","null","(713) 723-0355","Visit Website","http://salonsofamerica.com/","9704 Hillcroft St, Houston, TX 77096","3","https://www.yellowpages.com/search?search_terms=Beauty%20Salons&geo_location_terms=Houston%2C%20TX&page=3"
"1595466736-100","https://www.yellowpages.com/search?search_terms=Beauty+Salons&geo_location_terms=Houston%2C+TX","Revivance Hair Salon","https://www.yellowpages.com/houston-tx/mip/revivance-hair-salon-2133290","null","null","(1 Review)","(713) 655-8646","Visit Website","http://revivancehairsalon.com/","1200 Louisiana St, Houston, TX 77002","2","https://www.yellowpages.com/search?search_terms=Beauty%20Salons&geo_location_terms=Houston%2C%20TX&page=2"
"1595466771-113","https://www.yellowpages.com/search?search_terms=Beauty+Salons&geo_location_terms=Houston%2C+TX","Flawless Image","https://www.yellowpages.com/houston-tx/mip/flawless-image-1440556","null","Flawless Image is a full service hair salon that's been in business for over 25 years.  We pride ourselves on quality and customer service. Our goal is for every client to leave our salon feeling flawless! Come visit us, we are here to serve you!","(6 Reviews)","(713) 451-3002","Visit Website","http://www.flawlessimagehairsalon.com/","779 Normandy St, Houston, TX 77015","2","https://www.yellowpages.com/search?search_terms=Beauty%20Salons&geo_location_terms=Houston%2C%20TX&page=2"
"1595466787-119","https://www.yellowpages.com/search?search_terms=Beauty+Salons&geo_location_terms=Houston%2C+TX","Perfect Beauty","https://www.yellowpages.com/houston-tx/mip/perfect-beauty-3838799","null","null","(1 Review)","(281) 488-8802","null","","2403 Bay Area Blvd Ste F, Houston, TX 77058","2","https://www.yellowpages.com/search?search_terms=Beauty%20Salons&geo_location_terms=Houston%2C%20TX&page=2"
"1595466606-61","https://www.yellowpages.com/search?search_terms=Beauty+Salons&geo_location_terms=Houston%2C+TX","Pro-Cuts","https://www.yellowpages.com/houston-tx/mip/pro-cuts-459586752","null","At Pro-Cuts Salon, our friendly stylists take the time to get to know you. This means you'll get the hair cut you want and the products you need every single time. No matter what haircut or hair care service you're going for, Pro-Cuts provides you value that is the best on the block. Great Style You Can Afford.","null","(281) 463-1316","Visit Website","http://www.pro-cuts.com/","4978 Highway 6 N Ste K, Houston, TX 77084","3","https://www.yellowpages.com/search?search_terms=Beauty%20Salons&geo_location_terms=Houston%2C%20TX&page=3"
"1595466760-109","https://www.yellowpages.com/search?search_terms=Beauty+Salons&geo_location_terms=Houston%2C+TX","The Cutting Room","https://www.yellowpages.com/houston-tx/mip/the-cutting-room-4365540","null","The Cutting Room is a beauty salon committed to your beauty and well-being. Our goal is to provide the finest in salon services and products in a relaxing and professional environment.Mark has over 30 years of extensive training in creating a personalized cut or color to enhance your style. At The Cutting Room we only use the finest products.","(3 Reviews)","(713) 522-5637","Visit Website","http://www.tcroom.com/","1425 Westheimer Rd, Houston, TX 77006","2","https://www.yellowpages.com/search?search_terms=Beauty%20Salons&geo_location_terms=Houston%2C%20TX&page=2"
"1595466757-108","https://www.yellowpages.com/search?search_terms=Beauty+Salons&geo_location_terms=Houston%2C+TX","Visible Changes (inside Willowbrook Mall)","https://www.yellowpages.com/houston-tx/mip/visible-changes-inside-willowbrook-mall-475741888","null","In 1977, Visible Changes began a revolution in the hairdressing industry with a company that delivered high quality services from well-trained stylists. Maryanne McCormack began with one salon in Greenspoint Mall in Houston, Texas, and the company has grown to include salons across the state of Texas. Today, Visible Changes has hair salons located in major malls in Houston, Austin, San Antonio and Frisco (Dallas area). 
 
Over the years Visible Changes salons have become known for outstanding customer service, creative and innovative styles and most importantly our well-educated, talented team. The creative work from Visible Changes has been featured in Passion, Styles and Stylists magazines, and in fashion publications around the world 
 
Visible Changes was recognized in 1983 by Intercoiffure, an organization that extends its membership to only the finest hair designers in the world. Visible Changes was listed twice as one of INC Magazines' fastest growing companies, and in 2006, Visible Changes won Salon Entrepreneur of the Year at the Global Salon Business Awards in Barcelona, Spain. Visible Changes has been recognized as a  “Best Places to Work” winner from The Houston Business Journal, and as a ""Top Work Place"" by the Houston Chronicle. 
 
Our award-winning hair cutting system was created by founder Maryanne McCormack after years of personal study under such hair styling pioneers as Paul Mitchell. At Visible Changes, we require all new staff members to complete our Basic Training Program, whether they are new cosmetology graduates or experienced in the industry. Requiring this intense education is necessary to maintain the level of quality that is Visible Changes' standard which allows us to guarantee that our clients will receive the same high quality, Visible Changes experience at each salon location in Houston, Austin, San Antonio or Frisco (Dallas area). 
 
Visible Changes salons are well-known nationally and internationally as a cutting edge salon business. We have received awards from magazines for our quality services and innovative business models, work closely with leading beauty manufacturers and have been pioneering the salon industry practices since we were founded in 1977. 
 
We have always believed that the client comes first and we strive to bring you the best hair salon experience in Texas.","(1 Review)","(281) 890-7489","Visit Website","http://visiblechanges.com/","2000 Willowbrook Mall Suite 1322, Houston, TX 77070","2","https://www.yellowpages.com/search?search_terms=Beauty%20Salons&geo_location_terms=Houston%2C%20TX&page=2"
"1595466781-117","https://www.yellowpages.com/search?search_terms=Beauty+Salons&geo_location_terms=Houston%2C+TX","True Beauty Makeup Artistry","https://www.yellowpages.com/houston-tx/mip/true-beauty-makeup-artistry-464670041","null","True Beauty Makeup offers In studio and On location makeup and hair styling for any special event. Our makeup services lasts over 20 to 25 hours In studio or On location. We don't believe in over charging the bride or her bridesmaids. We offer same pricing for the entire party. Our entire team offers a elegant stress free environment. Let our team take care of your big special day.","(2 Reviews)","(832) 441-9850","Visit Website","http://www.tbmartistry.com/","10303 Northwest Fwy, Houston, TX 77040","2","https://www.yellowpages.com/search?search_terms=Beauty%20Salons&geo_location_terms=Houston%2C%20TX&page=2"
"1595466576-52","https://www.yellowpages.com/search?search_terms=Beauty+Salons&geo_location_terms=Houston%2C+TX","Hair Spa","https://www.yellowpages.com/houston-tx/mip/hair-spa-10774617","null","null","null","(281) 464-7335","Visit Website","http://joetoga.com/","11579 S Wilcrest Dr, Houston, TX 77099","4","https://www.yellowpages.com/search?search_terms=Beauty%20Salons&geo_location_terms=Houston%2C%20TX&page=4"
"1595466376-5","https://www.yellowpages.com/search?search_terms=Beauty+Salons&geo_location_terms=Houston%2C+TX","Beauty Magic Salon","https://www.yellowpages.com/houston-tx/mip/beauty-magic-salon-30214097","null","null","null","(713) 647-0388","null","","2014 Gessner Rd, Houston, TX 77080","5","https://www.yellowpages.com/search?search_terms=Beauty%20Salons&geo_location_terms=Houston%2C%20TX&page=5"
"1595466629-68","https://www.yellowpages.com/search?search_terms=Beauty+Salons&geo_location_terms=Houston%2C+TX","Isabel","https://www.yellowpages.com/houston-tx/mip/isabel-474672551","null","null","null","(281) 454-6672","Visit Website","http://lealiproestilista.vpweb.com/","6415 S Lake Houston Pkwy, Houston, TX 77049","3","https://www.yellowpages.com/search?search_terms=Beauty%20Salons&geo_location_terms=Houston%2C%20TX&page=3"
"1595466646-72","https://www.yellowpages.com/search?search_terms=Beauty+Salons&geo_location_terms=Houston%2C+TX","Hair Trendz","https://www.yellowpages.com/houston-tx/mip/hair-trendz-460717726","null","null","(1 Review)","(281) 496-9441","null","","13306 Westheimer Rd, Houston, TX 77077","3","https://www.yellowpages.com/search?search_terms=Beauty%20Salons&geo_location_terms=Houston%2C%20TX&page=3"
"1595466523-37","https://www.yellowpages.com/search?search_terms=Beauty+Salons&geo_location_terms=Houston%2C+TX","Cut & Style","https://www.yellowpages.com/houston-tx/mip/cut-style-21672849","null","null","null","(713) 772-0550","null","","7909 Hillcroft St, Houston, TX 77081","4","https://www.yellowpages.com/search?search_terms=Beauty%20Salons&geo_location_terms=Houston%2C%20TX&page=4"
"1595466587-56","https://www.yellowpages.com/search?search_terms=Beauty+Salons&geo_location_terms=Houston%2C+TX","Serenity Hair Studio","https://www.yellowpages.com/houston-tx/mip/serenity-hair-studio-461648169","null","null","(1 Review)","(713) 723-0056","null","","5901 Westheimer Rd., Suite # B2, Houston, TX 77057","4","https://www.yellowpages.com/search?search_terms=Beauty%20Salons&geo_location_terms=Houston%2C%20TX&page=4"
"1595466536-40","https://www.yellowpages.com/search?search_terms=Beauty+Salons&geo_location_terms=Houston%2C+TX","TGF Hair Salon","https://www.yellowpages.com/houston-tx/mip/tgf-hair-salon-9664202","null","TGF Hair Salon in Houston offers a full range of hair services for women and men including cuts, color, texturizing, styling and waxing-all at an affordable price. Our professional stylists will help you find a style that fits your lifestyle and looks great. Plus, shop for the shampoo, conditioner and styling products needed to keep it looking great. Stop by TGF Hair Salon at 14680 Memorial Dr at the Memorial Shopping Center today and be confident you'll get the look you want.","null","(281) 870-0950","Visit Website","http://www.tgfhairsalons.com/","14680 Memorial Dr, Houston, TX 77079","4","https://www.yellowpages.com/search?search_terms=Beauty%20Salons&geo_location_terms=Houston%2C%20TX&page=4"
"1595466405-9","https://www.yellowpages.com/search?search_terms=Beauty+Salons&geo_location_terms=Houston%2C+TX","Xcess Salon","https://www.yellowpages.com/houston-tx/mip/xcess-salon-9930654","null","null","null","(713) 934-7951","null","","3006 Blalock Rd, Houston, TX 77080","5","https://www.yellowpages.com/search?search_terms=Beauty%20Salons&geo_location_terms=Houston%2C%20TX&page=5"
"1595466483-29","https://www.yellowpages.com/search?search_terms=Beauty+Salons&geo_location_terms=Houston%2C+TX","Nu Identity Salon","https://www.yellowpages.com/houston-tx/mip/nu-identity-salon-6427635","null","null","null","(281) 444-4575","Visit Website","http://www.nuidentityhairsalon.com/","13535 Bammel North Houston Rd, Houston, TX 77066","5","https://www.yellowpages.com/search?search_terms=Beauty%20Salons&geo_location_terms=Houston%2C%20TX&page=5"
"1595466668-80","https://www.yellowpages.com/search?search_terms=Beauty+Salons&geo_location_terms=Houston%2C+TX","Phoenix Hair Salon","https://www.yellowpages.com/houston-tx/mip/phoenix-hair-salon-14907498","null","null","null","(713) 644-1280","null","","8200 Broadway St Apt 135n, Houston, TX 77061","3","https://www.yellowpages.com/search?search_terms=Beauty%20Salons&geo_location_terms=Houston%2C%20TX&page=3"
"1595466659-77","https://www.yellowpages.com/search?search_terms=Beauty+Salons&geo_location_terms=Houston%2C+TX","Salon Boutique","https://www.yellowpages.com/houston-tx/mip/salon-boutique-478453563","null","null","null","(281) 257-4455","Visit Website","http://www.ohsochicboutique.net/","118 Vintage Park Blvd Ste 91, Houston, TX 77070","3","https://www.yellowpages.com/search?search_terms=Beauty%20Salons&geo_location_terms=Houston%2C%20TX&page=3"
"1595466652-74","https://www.yellowpages.com/search?search_terms=Beauty+Salons&geo_location_terms=Houston%2C+TX","Texas Hair Team","https://www.yellowpages.com/houston-tx/mip/texas-hair-team-466301617","null","Welcome to Texas Hair Team, where your hair is pampered and treated by professional stylists to maintain a healthy color and glow. We promise our services are worth the time and money, and once you experience what Texas Hair Team has to offer, you'll dump your box dye in the trash and keep coming back!","(8 Reviews)","(281) 454-5888","Visit Website","http://www.hairsalonflairteamllc.com/","12710 W Lake Houston Pkwy Ste C, Houston, TX 77044","3","https://www.yellowpages.com/search?search_terms=Beauty%20Salons&geo_location_terms=Houston%2C%20TX&page=3"
